{
  "height": 36,
  "width": 195,
  "x": 293.66668701171875,
  "y": 1373.09375
}