{
  "height": 36,
  "width": 583,
  "x": 293.66668701171875,
  "y": 1251.09375
}