{
  "height": 28,
  "width": 28,
  "x": 406.54168701171875,
  "y": 2725.072998046875
}